Workbook

Sheet Resumen
A1: Dynamics lab – Arduino Science Journal (acelerómetro)
A2: Datos extraídos de Dynamics_lab-zlii.sj · 25 grabaciones · estadísticas calculadas con fórmulas sobre cada hoja
A4: Grabación | B4: Inicio (hora Bogotá) | C4: Duración (s) | D4: N AccX | E4: N AccY | F4: N AccZ | G4: Prom AccX | H4: Prom AccY | I4: Prom AccZ | J4: Máx AccX | K4: Máx AccY | L4: Máx AccZ | M4: Mín AccX | N4: Mín AccY | O4: Mín AccZ | P4: Rellenadas (desfase ≤3 ms) | Q4: Interpoladas / borde
A5: Angelitos | B5: 46290.372 | C5: =MAX(Angelitos!A2:A2052) -> 73.64 | D5: =COUNT(Angelitos!C2:C2052) -> 2051 | E5: =COUNT(Angelitos!D2:D2052) -> 2051 | F5: =COUNT(Angelitos!E2:E2052) -> 2051 | G5: =AVERAGE(Angelitos!C2:C2052) -> 2.3073439 | H5: =AVERAGE(Angelitos!D2:D2052) -> 6.739609 | I5: =AVERAGE(Angelitos!E2:E2052) -> 2.6693719 | J5: =MAX(Angelitos!C2:C2052) -> 34.431915 | K5: =MAX(Angelitos!D2:D2052) -> 46.531914 | L5: =MAX(Angelitos!E2:E2052) -> 21.901859 | M5: =MIN(Angelitos!C2:C2052) -> -19.530104 | N5: =MIN(Angelitos!D2:D2052) -> -30.625135 | O5: =MIN(Angelitos!E2:E2052) -> -17.653948 | P5: 1699 | Q5: 30
A6: sentadilla 1 | B6: 46290.373 | C6: =MAX('sentadilla 1'!A2:A2107) -> 71.39 | D6: =COUNT('sentadilla 1'!C2:C2107) -> 2106 | E6: =COUNT('sentadilla 1'!D2:D2107) -> 2106 | F6: =COUNT('sentadilla 1'!E2:E2107) -> 2106 | G6: =AVERAGE('sentadilla 1'!C2:C2107) -> 0.83579084 | H6: =AVERAGE('sentadilla 1'!D2:D2107) -> 9.0682768 | I6: =AVERAGE('sentadilla 1'!E2:E2107) -> 3.8709246 | J6: =MAX('sentadilla 1'!C2:C2107) -> 9.8428631 | K6: =MAX('sentadilla 1'!D2:D2107) -> 16.961124 | L6: =MAX('sentadilla 1'!E2:E2107) -> 10.884042 | M6: =MIN('sentadilla 1'!C2:C2107) -> -7.8230548 | N6: =MIN('sentadilla 1'!D2:D2107) -> -1.2701241 | O6: =MIN('sentadilla 1'!E2:E2107) -> -2.1371245 | P6: 1730 | Q6: 35
A7: Angelitos 2 | B7: 46290.378 | C7: =MAX('Angelitos 2'!A2:A2727) -> 97.855 | D7: =COUNT('Angelitos 2'!C2:C2727) -> 2726 | E7: =COUNT('Angelitos 2'!D2:D2727) -> 2726 | F7: =COUNT('Angelitos 2'!E2:E2727) -> 2726 | G7: =AVERAGE('Angelitos 2'!C2:C2727) -> 2.4672173 | H7: =AVERAGE('Angelitos 2'!D2:D2727) -> 7.4561409 | I7: =AVERAGE('Angelitos 2'!E2:E2727) -> 3.1862514 | J7: =MAX('Angelitos 2'!C2:C2727) -> 32.404026 | K7: =MAX('Angelitos 2'!D2:D2727) -> 46.817123 | L7: =MAX('Angelitos 2'!E2:E2727) -> 21.499933 | M7: =MIN('Angelitos 2'!C2:C2727) -> -17.263094 | N7: =MIN('Angelitos 2'!D2:D2727) -> -27.629988 | O7: =MIN('Angelitos 2'!E2:E2727) -> -12.603977 | P7: 2208 | Q7: 39
A8: Sentadilla 2 | B8: 46290.38 | C8: =MAX('Sentadilla 2'!A2:A2392) -> 80.395 | D8: =COUNT('Sentadilla 2'!C2:C2392) -> 2391 | E8: =COUNT('Sentadilla 2'!D2:D2392) -> 2391 | F8: =COUNT('Sentadilla 2'!E2:E2392) -> 2391 | G8: =AVERAGE('Sentadilla 2'!C2:C2392) -> 1.9284869 | H8: =AVERAGE('Sentadilla 2'!D2:D2392) -> 9.1838946 | I8: =AVERAGE('Sentadilla 2'!E2:E2392) -> 2.9836848 | J8: =MAX('Sentadilla 2'!C2:C2392) -> 10.316916 | K8: =MAX('Sentadilla 2'!D2:D2392) -> 18.766054 | L8: =MAX('Sentadilla 2'!E2:E2392) -> 10.618884 | M8: =MIN('Sentadilla 2'!C2:C2392) -> -4.7988787 | N8: =MIN('Sentadilla 2'!D2:D2392) -> -1.1911155 | O8: =MIN('Sentadilla 2'!E2:E2392) -> -2.4220345 | P8: 1950 | Q8: 51
A9: Angelito 3 | B9: 46290.382 | C9: =MAX('Angelito 3'!A2:A2101) -> 76.185 | D9: =COUNT('Angelito 3'!C2:C2101) -> 2100 | E9: =COUNT('Angelito 3'!D2:D2101) -> 2100 | F9: =COUNT('Angelito 3'!E2:E2101) -> 2100 | G9: =AVERAGE('Angelito 3'!C2:C2101) -> 2.3532176 | H9: =AVERAGE('Angelito 3'!D2:D2101) -> 7.4914841 | I9: =AVERAGE('Angelito 3'!E2:E2101) -> 2.9346558 | J9: =MAX('Angelito 3'!C2:C2101) -> 32.626087 | K9: =MAX('Angelito 3'!D2:D2101) -> 46.7019 | L9: =MAX('Angelito 3'!E2:E2101) -> 19.177856 | M9: =MIN('Angelito 3'!C2:C2101) -> -15.292965 | N9: =MIN('Angelito 3'!D2:D2101) -> -30.795122 | O9: =MIN('Angelito 3'!E2:E2101) -> -12.038945 | P9: 1589 | Q9: 64
A10: Sentadilla 3 | B10: 46290.384 | C10: =MAX('Sentadilla 3'!A2:A2416) -> 82.859 | D10: =COUNT('Sentadilla 3'!C2:C2416) -> 2415 | E10: =COUNT('Sentadilla 3'!D2:D2416) -> 2415 | F10: =COUNT('Sentadilla 3'!E2:E2416) -> 2415 | G10: =AVERAGE('Sentadilla 3'!C2:C2416) -> 1.5451184 | H10: =AVERAGE('Sentadilla 3'!D2:D2416) -> 9.1633142 | I10: =AVERAGE('Sentadilla 3'!E2:E2416) -> 2.566774 | J10: =MAX('Sentadilla 3'!C2:C2416) -> 17.105076 | K10: =MAX('Sentadilla 3'!D2:D2416) -> 27.796984 | L10: =MAX('Sentadilla 3'!E2:E2416) -> 13.380896 | M10: =MIN('Sentadilla 3'!C2:C2416) -> -7.6018906 | N10: =MIN('Sentadilla 3'!D2:D2416) -> -15.172956 | O10: =MIN('Sentadilla 3'!E2:E2416) -> -5.9289417 | P10: 1864 | Q10: 48
A11: Angelito 4 | B11: 46290.386 | C11: =MAX('Angelito 4'!A2:A6141) -> 79.935 | D11: =COUNT('Angelito 4'!C2:C6141) -> 2258 | E11: =COUNT('Angelito 4'!D2:D6141) -> 2258 | F11: =COUNT('Angelito 4'!E2:E6141) -> 2258 | G11: =AVERAGE('Angelito 4'!C2:C6141) -> 2.3746167 | H11: =AVERAGE('Angelito 4'!D2:D6141) -> 8.0411363 | I11: =AVERAGE('Angelito 4'!E2:E6141) -> 3.2400828 | J11: =MAX('Angelito 4'!C2:C6141) -> 35.690968 | K11: =MAX('Angelito 4'!D2:D6141) -> 48.835136 | L11: =MAX('Angelito 4'!E2:E6141) -> 28.901011 | M11: =MIN('Angelito 4'!C2:C6141) -> -15.757141 | N11: =MIN('Angelito 4'!D2:D6141) -> -26.288937 | O11: =MIN('Angelito 4'!E2:E6141) -> -16.783955 | P11: 1697 | Q11: 54
A12: Angelito 5 | B12: 46297.688 | C12: =MAX('Angelito 5'!A2:A1919) -> 72.241 | D12: =COUNT('Angelito 5'!C2:C1919) -> 1918 | E12: =COUNT('Angelito 5'!D2:D1919) -> 1918 | F12: =COUNT('Angelito 5'!E2:E1919) -> 1918 | G12: =AVERAGE('Angelito 5'!C2:C1919) -> 2.6258564 | H12: =AVERAGE('Angelito 5'!D2:D1919) -> 7.0234115 | I12: =AVERAGE('Angelito 5'!E2:E1919) -> 2.6283751 | J12: =MAX('Angelito 5'!C2:C1919) -> 29.744068 | K12: =MAX('Angelito 5'!D2:D1919) -> 54.126022 | L12: =MAX('Angelito 5'!E2:E1919) -> 22.453125 | M12: =MIN('Angelito 5'!C2:C1919) -> -8.6418715 | N12: =MIN('Angelito 5'!D2:D1919) -> -40.07505 | O12: =MIN('Angelito 5'!E2:E1919) -> -11.52898 | P12: 954 | Q12: 0
A13: Sentadilla 4 | B13: 46297.689 | C13: =MAX('Sentadilla 4'!A2:A2089) -> 68.92 | D13: =COUNT('Sentadilla 4'!C2:C2089) -> 2088 | E13: =COUNT('Sentadilla 4'!D2:D2089) -> 2088 | F13: =COUNT('Sentadilla 4'!E2:E2089) -> 2088 | G13: =AVERAGE('Sentadilla 4'!C2:C2089) -> 2.1002685 | H13: =AVERAGE('Sentadilla 4'!D2:D2089) -> 9.033487 | I13: =AVERAGE('Sentadilla 4'!E2:E2089) -> 2.2422008 | J13: =MAX('Sentadilla 4'!C2:C2089) -> 9.644145 | K13: =MAX('Sentadilla 4'!D2:D2089) -> 18.733133 | L13: =MAX('Sentadilla 4'!E2:E2089) -> 8.7268658 | M13: =MIN('Sentadilla 4'!C2:C2089) -> -4.5669403 | N13: =MIN('Sentadilla 4'!D2:D2089) -> -0.8059482 | O13: =MIN('Sentadilla 4'!E2:E2089) -> -4.3179431 | P13: 1100 | Q13: 3
A14: Angelito 6 | B14: 46297.69 | C14: =MAX('Angelito 6'!A2:A1669) -> 68.356 | D14: =COUNT('Angelito 6'!C2:C1669) -> 1668 | E14: =COUNT('Angelito 6'!D2:D1669) -> 1668 | F14: =COUNT('Angelito 6'!E2:E1669) -> 1668 | G14: =AVERAGE('Angelito 6'!C2:C1669) -> 2.3919496 | H14: =AVERAGE('Angelito 6'!D2:D1669) -> 7.5179929 | I14: =AVERAGE('Angelito 6'!E2:E1669) -> 2.4794145 | J14: =MAX('Angelito 6'!C2:C1669) -> 24.23501 | K14: =MAX('Angelito 6'!D2:D1669) -> 51.123993 | L14: =MAX('Angelito 6'!E2:E1669) -> 22.835897 | M14: =MIN('Angelito 6'!C2:C1669) -> -10.573993 | N14: =MIN('Angelito 6'!D2:D1669) -> -33.939011 | O14: =MIN('Angelito 6'!E2:E1669) -> -9.5130625 | P14: 755 | Q14: 5
A15: Sentadilla 5 | B15: 46297.692 | C15: =MAX('Sentadilla 5'!A2:A1772) -> 67.379 | D15: =COUNT('Sentadilla 5'!C2:C1772) -> 1771 | E15: =COUNT('Sentadilla 5'!D2:D1772) -> 1771 | F15: =COUNT('Sentadilla 5'!E2:E1772) -> 1771 | G15: =AVERAGE('Sentadilla 5'!C2:C1772) -> 0.074222453 | H15: =AVERAGE('Sentadilla 5'!D2:D1772) -> 9.1971075 | I15: =AVERAGE('Sentadilla 5'!E2:E1772) -> 2.981757 | J15: =MAX('Sentadilla 5'!C2:C1772) -> 6.2108593 | K15: =MAX('Sentadilla 5'!D2:D1772) -> 20.372862 | L15: =MAX('Sentadilla 5'!E2:E1772) -> 9.6318741 | M15: =MIN('Sentadilla 5'!C2:C1772) -> -5.7059817 | N15: =MIN('Sentadilla 5'!D2:D1772) -> -0.71885914 | O15: =MIN('Sentadilla 5'!E2:E1772) -> -3.7699702 | P15: 818 | Q15: 8
A16: Angelito 7 | B16: 46297.694 | C16: =MAX('Angelito 7'!A2:A1691) -> 69.279 | D16: =COUNT('Angelito 7'!C2:C1691) -> 1690 | E16: =COUNT('Angelito 7'!D2:D1691) -> 1690 | F16: =COUNT('Angelito 7'!E2:E1691) -> 1690 | G16: =AVERAGE('Angelito 7'!C2:C1691) -> -0.89703251 | H16: =AVERAGE('Angelito 7'!D2:D1691) -> 7.3712431 | I16: =AVERAGE('Angelito 7'!E2:E1691) -> 3.7155686 | J16: =MAX('Angelito 7'!C2:C1691) -> 18.064852 | K16: =MAX('Angelito 7'!D2:D1691) -> 53.106091 | L16: =MAX('Angelito 7'!E2:E1691) -> 19.855116 | M16: =MIN('Angelito 7'!C2:C1691) -> -17.802088 | N16: =MIN('Angelito 7'!D2:D1691) -> -38.519119 | O16: =MIN('Angelito 7'!E2:E1691) -> -8.072052 | P16: 816 | Q16: 6
A17: Sentadilla 6 | B17: 46297.695 | C17: =MAX('Sentadilla 6'!A2:A1822) -> 72.352 | D17: =COUNT('Sentadilla 6'!C2:C1822) -> 1821 | E17: =COUNT('Sentadilla 6'!D2:D1822) -> 1821 | F17: =COUNT('Sentadilla 6'!E2:E1822) -> 1821 | G17: =AVERAGE('Sentadilla 6'!C2:C1822) -> -0.74305142 | H17: =AVERAGE('Sentadilla 6'!D2:D1822) -> 9.264704 | I17: =AVERAGE('Sentadilla 6'!E2:E1822) -> 2.8589416 | J17: =MAX('Sentadilla 6'!C2:C1822) -> 8.9450378 | K17: =MAX('Sentadilla 6'!D2:D1822) -> 19.581879 | L17: =MAX('Sentadilla 6'!E2:E1822) -> 10.377069 | M17: =MIN('Sentadilla 6'!C2:C1822) -> -10.961854 | N17: =MIN('Sentadilla 6'!D2:D1822) -> -2.2209215 | O17: =MIN('Sentadilla 6'!E2:E1822) -> -3.3309333 | P17: 875 | Q17: 3
A18: Sentadilla 7 | B18: 46297.697 | C18: =MAX('Sentadilla 7'!A2:A1845) -> 64.059 | D18: =COUNT('Sentadilla 7'!C2:C1845) -> 1844 | E18: =COUNT('Sentadilla 7'!D2:D1845) -> 1844 | F18: =COUNT('Sentadilla 7'!E2:E1845) -> 1844 | G18: =AVERAGE('Sentadilla 7'!C2:C1845) -> -0.52241059 | H18: =AVERAGE('Sentadilla 7'!D2:D1845) -> 9.3313804 | I18: =AVERAGE('Sentadilla 7'!E2:E1845) -> 3.3941937 | J18: =MAX('Sentadilla 7'!C2:C1845) -> 7.9900503 | K18: =MAX('Sentadilla 7'!D2:D1845) -> 19.170973 | L18: =MAX('Sentadilla 7'!E2:E1845) -> 11.583149 | M18: =MIN('Sentadilla 7'!C2:C1845) -> -10.890027 | N18: =MIN('Sentadilla 7'!D2:D1845) -> -3.3270428 | O18: =MIN('Sentadilla 7'!E2:E1845) -> -4.2919064 | P18: 922 | Q18: 3
A19: Sentadilla 8 | B19: 46297.698 | C19: =MAX('Sentadilla 8'!A2:A2082) -> 82.618 | D19: =COUNT('Sentadilla 8'!C2:C2082) -> 2081 | E19: =COUNT('Sentadilla 8'!D2:D2082) -> 2081 | F19: =COUNT('Sentadilla 8'!E2:E2082) -> 2081 | G19: =AVERAGE('Sentadilla 8'!C2:C2082) -> -0.39998646 | H19: =AVERAGE('Sentadilla 8'!D2:D2082) -> 9.244072 | I19: =AVERAGE('Sentadilla 8'!E2:E2082) -> 3.0988309 | J19: =MAX('Sentadilla 8'!C2:C2082) -> 8.3710279 | K19: =MAX('Sentadilla 8'!D2:D2082) -> 19.384058 | L19: =MAX('Sentadilla 8'!E2:E2082) -> 11.274896 | M19: =MIN('Sentadilla 8'!C2:C2082) -> -8.4859495 | N19: =MIN('Sentadilla 8'!D2:D2082) -> -2.0338745 | O19: =MIN('Sentadilla 8'!E2:E2082) -> -3.8010948 | P19: 943 | Q19: 2
A20: Nazi 1 | B20: 46298.527 | C20: =MAX('Nazi 1'!A2:A1844) -> 64.928 | D20: =COUNT('Nazi 1'!C2:C1844) -> 1843 | E20: =COUNT('Nazi 1'!D2:D1844) -> 1843 | F20: =COUNT('Nazi 1'!E2:E1844) -> 1843 | G20: =AVERAGE('Nazi 1'!C2:C1844) -> -1.6388481 | H20: =AVERAGE('Nazi 1'!D2:D1844) -> 5.0832129 | I20: =AVERAGE('Nazi 1'!E2:E1844) -> 4.4267418 | J20: =MAX('Nazi 1'!C2:C1844) -> 5.342063 | K20: =MAX('Nazi 1'!D2:D1844) -> 18.531122 | L20: =MAX('Nazi 1'!E2:E1844) -> 9.2230644 | M20: =MIN('Nazi 1'!C2:C1844) -> -8.0771399 | N20: =MIN('Nazi 1'!D2:D1844) -> -5.5368915 | O20: =MIN('Nazi 1'!E2:E1844) -> -1.9018942 | P20: 1164 | Q20: 0
A21: Nazi 2 | B21: 46298.527 | C21: =MAX('Nazi 2'!A2:A1961) -> 65.796 | D21: =COUNT('Nazi 2'!C2:C1961) -> 1960 | E21: =COUNT('Nazi 2'!D2:D1961) -> 1960 | F21: =COUNT('Nazi 2'!E2:E1961) -> 1960 | G21: =AVERAGE('Nazi 2'!C2:C1961) -> -1.8383508 | H21: =AVERAGE('Nazi 2'!D2:D1961) -> 4.5755538 | I21: =AVERAGE('Nazi 2'!E2:E1961) -> 4.7338799 | J21: =MAX('Nazi 2'!C2:C1961) -> 4.7031102 | K21: =MAX('Nazi 2'!D2:D1961) -> 19.009964 | L21: =MAX('Nazi 2'!E2:E1961) -> 9.1919394 | M21: =MIN('Nazi 2'!C2:C1961) -> -8.262989 | N21: =MIN('Nazi 2'!D2:D1961) -> -5.205893 | O21: =MIN('Nazi 2'!E2:E1961) -> -1.1620858 | P21: 1254 | Q21: 3
A22: Nazi 3 | B22: 46298.528 | C22: =MAX('Nazi 3'!A2:A1985) -> 68.272 | D22: =COUNT('Nazi 3'!C2:C1985) -> 1984 | E22: =COUNT('Nazi 3'!D2:D1985) -> 1984 | F22: =COUNT('Nazi 3'!E2:E1985) -> 1984 | G22: =AVERAGE('Nazi 3'!C2:C1985) -> -1.8715537 | H22: =AVERAGE('Nazi 3'!D2:D1985) -> 5.0087736 | I22: =AVERAGE('Nazi 3'!E2:E1985) -> 4.5625644 | J22: =MAX('Nazi 3'!C2:C1985) -> 6.2210345 | K22: =MAX('Nazi 3'!D2:D1985) -> 17.878105 | L22: =MAX('Nazi 3'!E2:E1985) -> 8.6819744 | M22: =MIN('Nazi 3'!C2:C1985) -> -8.1959515 | N22: =MIN('Nazi 3'!D2:D1985) -> -4.803966 | O22: =MIN('Nazi 3'!E2:E1985) -> -1.8369514 | P22: 1311 | Q22: 3
A23: Nazi 4 | B23: 46298.529 | C23: =MAX('Nazi 4'!A2:A2010) -> 68.271 | D23: =COUNT('Nazi 4'!C2:C2010) -> 2009 | E23: =COUNT('Nazi 4'!D2:D2010) -> 2009 | F23: =COUNT('Nazi 4'!E2:E2010) -> 2009 | G23: =AVERAGE('Nazi 4'!C2:C2010) -> -1.83123 | H23: =AVERAGE('Nazi 4'!D2:D2010) -> 4.8605931 | I23: =AVERAGE('Nazi 4'!E2:E2010) -> 4.5595954 | J23: =MAX('Nazi 4'!C2:C2010) -> 5.4138889 | K23: =MAX('Nazi 4'!D2:D2010) -> 17.330132 | L23: =MAX('Nazi 4'!E2:E2010) -> 8.7148952 | M23: =MIN('Nazi 4'!C2:C2010) -> -8.3449907 | N23: =MIN('Nazi 4'!D2:D2010) -> -5.0478754 | O23: =MIN('Nazi 4'!E2:E2010) -> -1.9761144 | P23: 1287 | Q23: 0
A24: Nazi 5 | B24: 46298.53 | C24: =MAX('Nazi 5'!A2:A1902) -> 67.476 | D24: =COUNT('Nazi 5'!C2:C1902) -> 1901 | E24: =COUNT('Nazi 5'!D2:D1902) -> 1901 | F24: =COUNT('Nazi 5'!E2:E1902) -> 1901 | G24: =AVERAGE('Nazi 5'!C2:C1902) -> -1.6987407 | H24: =AVERAGE('Nazi 5'!D2:D1902) -> 4.9254152 | I24: =AVERAGE('Nazi 5'!E2:E1902) -> 4.3614181 | J24: =MAX('Nazi 5'!C2:C1902) -> 5.3830638 | K24: =MAX('Nazi 5'!D2:D1902) -> 16.716917 | L24: =MAX('Nazi 5'!E2:E1902) -> 9.4550028 | M24: =MIN('Nazi 5'!C2:C1902) -> -8.6460619 | N24: =MIN('Nazi 5'!D2:D1902) -> -5.9238544 | O24: =MIN('Nazi 5'!E2:E1902) -> -1.1288662 | P24: 1105 | Q24: 0
A25: Nazi 6 | B25: 46298.531 | C25: =MAX('Nazi 6'!A2:A1911) -> 65.596 | D25: =COUNT('Nazi 6'!C2:C1911) -> 1910 | E25: =COUNT('Nazi 6'!D2:D1911) -> 1910 | F25: =COUNT('Nazi 6'!E2:E1911) -> 1910 | G25: =AVERAGE('Nazi 6'!C2:C1911) -> -1.8250567 | H25: =AVERAGE('Nazi 6'!D2:D1911) -> 5.4376469 | I25: =AVERAGE('Nazi 6'!E2:E1911) -> 4.4055406 | J25: =MAX('Nazi 6'!C2:C1911) -> 4.6399632 | K25: =MAX('Nazi 6'!D2:D1911) -> 18.377893 | L25: =MAX('Nazi 6'!E2:E1911) -> 9.5989542 | M25: =MIN('Nazi 6'!C2:C1911) -> -9.1060476 | N25: =MIN('Nazi 6'!D2:D1911) -> -6.3718691 | O25: =MIN('Nazi 6'!E2:E1911) -> -1.0330981 | P25: 1182 | Q25: 2
A26: Nazi 7 | B26: 46298.533 | C26: =MAX('Nazi 7'!A2:A1775) -> 63.819 | D26: =COUNT('Nazi 7'!C2:C1775) -> 1774 | E26: =COUNT('Nazi 7'!D2:D1775) -> 1774 | F26: =COUNT('Nazi 7'!E2:E1775) -> 1774 | G26: =AVERAGE('Nazi 7'!C2:C1775) -> -1.9226256 | H26: =AVERAGE('Nazi 7'!D2:D1775) -> 6.0123135 | I26: =AVERAGE('Nazi 7'!E2:E1775) -> 4.3693415 | J26: =MAX('Nazi 7'!C2:C1775) -> 4.692935 | K26: =MAX('Nazi 7'!D2:D1775) -> 17.969084 | L26: =MAX('Nazi 7'!E2:E1775) -> 8.4350729 | M26: =MIN('Nazi 7'!C2:C1775) -> -8.9258842 | N26: =MIN('Nazi 7'!D2:D1775) -> -5.2468934 | O26: =MIN('Nazi 7'!E2:E1775) -> -1.4089879 | P26: 992 | Q26: 13
A27: Nazi 8 | B27: 46298.533 | C27: =MAX('Nazi 8'!A2:A1793) -> 63.881 | D27: =COUNT('Nazi 8'!C2:C1793) -> 1792 | E27: =COUNT('Nazi 8'!D2:D1793) -> 1792 | F27: =COUNT('Nazi 8'!E2:E1793) -> 1792 | G27: =AVERAGE('Nazi 8'!C2:C1793) -> -2.199433 | H27: =AVERAGE('Nazi 8'!D2:D1793) -> 5.4997935 | I27: =AVERAGE('Nazi 8'!E2:E1793) -> 4.6125554 | J27: =MAX('Nazi 8'!C2:C1793) -> 6.4380088 | K27: =MAX('Nazi 8'!D2:D1793) -> 17.365147 | L27: =MAX('Nazi 8'!E2:E1793) -> 8.8058748 | M27: =MIN('Nazi 8'!C2:C1793) -> -8.9339647 | N27: =MIN('Nazi 8'!D2:D1793) -> -4.5118737 | O27: =MIN('Nazi 8'!E2:E1793) -> -0.73112941 | P27: 1022 | Q27: 15
A28: Nazi 9 | B28: 46298.535 | C28: =MAX('Nazi 9'!A2:A1820) -> 65.664 | D28: =COUNT('Nazi 9'!C2:C1820) -> 1819 | E28: =COUNT('Nazi 9'!D2:D1820) -> 1819 | F28: =COUNT('Nazi 9'!E2:E1820) -> 1819 | G28: =AVERAGE('Nazi 9'!C2:C1820) -> -2.1025517 | H28: =AVERAGE('Nazi 9'!D2:D1820) -> 5.1311624 | I28: =AVERAGE('Nazi 9'!E2:E1820) -> 4.666023 | J28: =MAX('Nazi 9'!C2:C1820) -> 9.855134 | K28: =MAX('Nazi 9'!D2:D1820) -> 20.272007 | L28: =MAX('Nazi 9'!E2:E1820) -> 9.354147 | M28: =MIN('Nazi 9'!C2:C1820) -> -8.688858 | N28: =MIN('Nazi 9'!D2:D1820) -> -5.0050793 | O28: =MIN('Nazi 9'!E2:E1820) -> -1.4021045 | P28: 1051 | Q28: 0
A29: Nazi 10 | B29: 46298.536 | C29: =MAX('Nazi 10'!A2:A1938) -> 68.215 | D29: =COUNT('Nazi 10'!C2:C1938) -> 1937 | E29: =COUNT('Nazi 10'!D2:D1938) -> 1937 | F29: =COUNT('Nazi 10'!E2:E1938) -> 1937 | G29: =AVERAGE('Nazi 10'!C2:C1938) -> -2.0760714 | H29: =AVERAGE('Nazi 10'!D2:D1938) -> 5.5088499 | I29: =AVERAGE('Nazi 10'!E2:E1938) -> 4.5413661 | J29: =MAX('Nazi 10'!C2:C1938) -> 6.0241113 | K29: =MAX('Nazi 10'!D2:D1938) -> 18.737024 | L29: =MAX('Nazi 10'!E2:E1938) -> 9.1799688 | M29: =MIN('Nazi 10'!C2:C1938) -> -9.8530388 | N29: =MIN('Nazi 10'!D2:D1938) -> -5.4958906 | O29: =MIN('Nazi 10'!E2:E1938) -> -0.57101715 | P29: 1132 | Q29: 3
A31: Notas:
A32: • Unidad: m/s² (estándar de Science Journal; el archivo .sj no la guarda explícitamente).
A33: • Todos los huecos de las hojas fueron rellenados. Las cifras N/Prom/Máx/Mín del Resumen ya incluyen esos valores.
A34: • Texto AZUL = celda que estaba vacía y se rellenó. ~99% son la misma lectura del sensor registrada con 1–3 ms de desfase en otra fila: se copió el valor real más cercano del mismo eje (sin inventar datos).
A35: • Texto azul + fondo AMARILLO = hueco real (>3 ms de cualquier lectura de ese eje): interpolación lineal en el tiempo entre las lecturas vecinas (o valor más cercano si estaba en el borde de la grabación).
A36: • Las columnas P y Q cuentan cuántas celdas se rellenaron de cada tipo (valores fijos calculados al rellenar).
A37: • Angelito 4: se respetó el recorte que ya tenías (filas vaciadas desde ~80 s); no se restauró nada.
A38: • Tiempo (s) = (Timestamp − inicio) / 1000. Hora de inicio en zona horaria de Bogotá (UTC−5).

Sheet Angelitos
A1: Tiempo (s) | B1: Timestamp (ms Unix) | C1: AccX (m/s²) | D1: AccY (m/s²) | E1: AccZ (m/s²)
A2: 0 | B2: 1790344524149 | C2: 1.6118964 | D2: 9.5771074 | E2: 1.0989387
A3: 0.095 | B3: 1790344524244 | C3: 1.7959508 | D3: 9.5340118 | E3: 0.94600904
A4: 0.132 | B4: 1790344524281 | C4: 1.6759413 | D4: 9.5028868 | E4: 0.93613297
A5: 0.227 | B5: 1790344524376 | C5: 1.7699138 | D5: 9.48104 | E5: 0.88405907
A6: 0.265 | B6: 1790344524414 | C6: 1.742979 | D6: 9.4998941 | E6: 0.95798004
A7: 0.335 | B7: 1790344524484 | C7: 1.7528551 | D7: 9.5579538 | E7: 0.99090034
A8: 0.401 | B8: 1790344524550 | C8: 1.5930421 | D8: 9.5681286 | E8: 1.007959
A9: 0.402 | B9: 1790344524551 | C9: 1.5930421 | D9: 9.6130199 | E9: 1.007959
A10: 0.467 | B10: 1790344524616 | C10: 1.7079638 | D10: 9.5839901 | E10: 0.95798004
A11: 0.534 | B11: 1790344524683 | C11: 1.8219876 | D11: 9.528924 | E11: 0.91488439
A12: 0.601 | B12: 1790344524750 | C12: 1.8180971 | D12: 9.3810816 | E12: 0.98700976
A13: 0.667 | B13: 1790344524816 | C13: 1.6720508 | D13: 9.4980984 | E13: 1.01993
... A2052: 73.64 | B2052: 1790344597789 | C2052: 1.159093 | D2052: 8.0349417 | E2052: 5.3390703

Sheet sentadilla 1
A1: Tiempo (s) | B1: Timestamp (ms Unix) | C1: AccX (m/s²) | D1: AccY (m/s²) | E1: AccZ (m/s²)
A2: 0 | B2: 1790344642970 | C2: 1.382053 | D2: 7.5638824 | E2: 5.0858836
A3: 0.066 | B3: 1790344643036 | C3: 1.3991117 | D3: 8.5089941 | E3: 5.0691242
A4: 0.143 | B4: 1790344643113 | C4: 2.1359274 | D4: 7.6761107 | E4: 4.6980228
A5: 0.179 | B5: 1790344643149 | C5: 1.5688519 | D5: 8.3390055 | E5: 5.0220096
A6: 0.18 | B6: 1790344643150 | C6: 1.5530998 | D6: 8.3701296 | E6: 5.0310092
A7: 0.184 | B7: 1790344643154 | C7: 1.4900914 | D7: 8.362528 | E7: 5.0760074
A8: 0.185 | B8: 1790344643155 | C8: 1.1519104 | D8: 8.3606277 | E8: 5.0760074
A9: 0.2 | B9: 1790344643170 | C9: 0.90291339 | D9: 8.3321218 | E9: 5.4539919
A10: 0.201 | B10: 1790344643171 | C10: 0.90291339 | D10: 8.3321218 | E10: 5.4539919
A11: 0.267 | B11: 1790344643237 | C11: 0.8789714 | D11: 8.374918 | E11: 5.492898
A12: 0.333 | B12: 1790344643303 | C12: 1.9829978 | D12: 8.0280581 | E12: 5.1891336
A13: 0.334 | B13: 1790344643304 | C13: 1.9829978 | D13: 8.0280581 | E13: 5.1891336
... A2107: 71.39 | B2107: 1790344714360 | C2107: 0.5889737 | D2107: 8.5431108 | E2107: 5.2148709

Sheet Angelitos 2
A1: Tiempo (s) | B1: Timestamp (ms Unix) | C1: AccX (m/s²) | D1: AccY (m/s²) | E1: AccZ (m/s²)
A2: 0 | B2: 1790345036249 | C2: 1.6499044 | D2: 5.6308637 | E2: 7.7931271
A3: 0.055 | B3: 1790345036304 | C3: 2.015918 | D3: 5.5880675 | E3: 7.8149743
A4: 0.085 | B4: 1790345036334 | C4: 1.645116 | D4: 5.5240226 | E4: 7.8990707
A5: 0.106 | B5: 1790345036355 | C5: 1.742979 | D5: 5.4970875 | E5: 7.7000527
A6: 0.182 | B6: 1790345036431 | C6: 1.7118543 | D6: 5.5141463 | E6: 7.6829939
A7: 0.183 | B7: 1790345036432 | C7: 1.7118543 | D7: 5.5398841 | E7: 7.6829939
A8: 0.248 | B8: 1790345036497 | C8: 1.370082 | D8: 5.6218853 | E8: 7.709929
A9: 0.308 | B9: 1790345036557 | C9: 1.195006 | D9: 5.7299237 | E9: 7.8080912
A10: 0.309 | B10: 1790345036558 | C10: 1.195006 | D10: 5.7610483 | E10: 7.8080912
A11: 0.384 | B11: 1790345036633 | C11: 1.1019315 | D11: 5.7299237 | E11: 7.8128796
A12: 0.385 | B12: 1790345036634 | C12: 1.1019315 | D12: 5.7299237 | E12: 7.8128796
A13: 0.449 | B13: 1790345036698 | C13: 0.96995103 | D13: 5.5910602 | E13: 7.6261315
... A2727: 97.855 | B2727: 1790345134104 | C2727: 1.0160395 | D2727: 9.0168638 | E2727: 2.2720976

Sheet Sentadilla 2
A1: Tiempo (s) | B1: Timestamp (ms Unix) | C1: AccX (m/s²) | D1: AccY (m/s²) | E1: AccZ (m/s²)
A2: 0 | B2: 1790345270985 | C2: 0.30885205 | D2: 6.4811049 | E2: 7.1918836
A3: 0.055 | B3: 1790345271040 | C3: 0.28311437 | D3: 6.5149226 | E3: 7.2400665
A4: 0.134 | B4: 1790345271119 | C4: 0.064942725 | D4: 6.5750771 | E4: 7.3118925
A5: 0.135 | B5: 1790345271120 | C5: 0.090979673 | D5: 6.5750771 | E5: 7.3118925
A6: 0.153 | B6: 1790345271138 | C6: 0.04788404 | D6: 6.5819602 | E6: 7.2550306
A7: 0.154 | B7: 1790345271139 | C7: 0.04788404 | D7: 6.5720844 | E7: 7.2550306
A8: 0.172 | B8: 1790345271157 | C8: 0.21398179 | D8: 6.5649018 | E8: 7.1038966
A9: 0.173 | B9: 1790345271158 | C9: 0.21398179 | D9: 6.5649018 | E9: 7.1038966
A10: 0.205 | B10: 1790345271190 | C10: 0.20410572 | D10: 6.61099 | E10: 7.0871372
A11: 0.256 | B11: 1790345271241 | C11: 0.20590137 | D11: 6.6831155 | E11: 7.0658884
A12: 0.323 | B12: 1790345271308 | C12: 0.43095633 | D12: 6.7420726 | E12: 7.2280955
A13: 0.37 | B13: 1790345271355 | C13: 0.13198037 | D13: 6.7660146 | E13: 7.085042
... A2392: 80.395 | B2392: 1790345351380 | C2392: -0.0029927525 | D2392: 4.5920792 | E2392: 8.5790243

Sheet Angelito 3
A1: Tiempo (s) | B1: Timestamp (ms Unix) | C1: AccX (m/s²) | D1: AccY (m/s²) | E1: AccZ (m/s²)
A2: 0 | B2: 1790345437728 | C2: -0.26904845 | D2: 6.5840554 | E2: 7.2499428
A3: 0.027 | B3: 1790345437755 | C3: -0.13287821 | D3: 6.5340762 | E3: 7.1350212
A4: 0.069 | B4: 1790345437797 | C4: -0.1161188 | D4: 6.5268936 | E4: 7.1948762
A5: 0.07 | B5: 1790345437798 | C5: -0.1161188 | D5: 6.5268936 | E5: 7.2119346
A6: 0.134 | B6: 1790345437862 | C6: -0.091877498 | D6: 6.5891428 | E6: 7.2260008
A7: 0.135 | B7: 1790345437863 | C7: -0.091877498 | D7: 6.5891428 | E7: 7.2260008
A8: 0.201 | B8: 1790345437929 | C8: -0.16101009 | D8: 6.5529308 | E8: 7.2358766
A9: 0.202 | B9: 1790345437930 | C9: -0.16101009 | D9: 6.5529308 | E9: 7.2358766
A10: 0.218 | B10: 1790345437946 | C10: -0.1571195 | D10: 6.5289888 | E10: 7.2161245
A11: 0.222 | B11: 1790345437950 | C11: -0.1161188 | D11: 6.5388646 | E11: 7.1799121
A12: 0.223 | B12: 1790345437951 | C12: -0.1161188 | D12: 6.5388646 | E12: 7.1799121
A13: 0.267 | B13: 1790345437995 | C13: -0.066139825 | D13: 6.5289888 | E13: 7.1730289
... A2101: 76.185 | B2101: 1790345513913 | C2101: 1.5161284 | D2101: 9.1150265 | E2101: 3.0119061

Sheet Sentadilla 3
A1: Tiempo (s) | B1: Timestamp (ms Unix) | C1: AccX (m/s²) | D1: AccY (m/s²) | E1: AccZ (m/s²)
A2: 0 | B2: 1790345556288 | C2: 0.14903907 | D2: 5.2908869 | E2: 8.2360544
A3: 0.062 | B3: 1790345556350 | C3: 0.099060103 | D3: 5.1909289 | E3: 8.0570879
A4: 0.136 | B4: 1790345556424 | C4: 0.0080804313 | D4: 5.2890911 | E4: 8.1019793
A5: 0.137 | B5: 1790345556425 | C5: 0.0080804313 | D5: 5.2681422 | E5: 8.1019793
A6: 0.202 | B6: 1790345556490 | C6: 0.16998833 | D6: 5.107132 | E6: 7.9131365
A7: 0.203 | B7: 1790345556491 | C7: 0.16998833 | D7: 5.107132 | E7: 8.0540953
A8: 0.262 | B8: 1790345556550 | C8: 0.10594343 | D8: 5.2391124 | E8: 8.1549511
A9: 0.263 | B9: 1790345556551 | C9: 0.10594343 | D9: 5.2391124 | E9: 8.1549511
A10: 0.336 | B10: 1790345556624 | C10: 0.51505268 | D10: 4.657022 | E10: 7.049129
A11: 0.403 | B11: 1790345556691 | C11: 2.4229324 | D11: 5.1289792 | E11: 6.1920047
A12: 0.404 | B12: 1790345556692 | C12: 2.4229324 | D12: 5.4710507 | E12: 6.1920047
A13: 0.46 | B13: 1790345556748 | C13: 0.62309104 | D13: 6.8638778 | E13: 6.0839663
... A2416: 82.859 | B2416: 1790345639147 | C2416: 0.067935482 | D2416: 4.5759187 | E2416: 8.6358862

Sheet Angelito 4
A1: Tiempo (s) | B1: Timestamp (ms Unix) | C1: AccX (m/s²) | D1: AccY (m/s²) | E1: AccZ (m/s²)
A2: 0 | B2: 1790345735434 | C2: 0.14395139 | D2: 3.5598791 | E2: 8.9809504
A3: 0.061 | B3: 1790345735495 | C3: -0.12509705 | D3: 3.7930145 | E3: 9.0839014
A4: 0.062 | B4: 1790345735496 | C4: -0.12509705 | D4: 3.7930145 | E4: 9.0839014
A5: 0.111 | B5: 1790345735545 | C5: -0.24989483 | D5: 3.5721493 | E5: 9.1249018
A6: 0.112 | B6: 1790345735546 | C6: -0.24989483 | D6: 3.6110551 | E6: 9.1249018
A7: 0.12 | B7: 1790345735554 | C7: -0.12988545 | D7: 3.6750998 | E7: 9.1129313
A8: 0.195 | B8: 1790345735629 | C8: -0.10893619 | D8: 3.7161007 | E8: 9.0291338
A9: 0.196 | B9: 1790345735630 | C9: -0.10893619 | D9: 3.6849761 | E9: 9.0291338
A10: 0.26 | B10: 1790345735694 | C10: -0.12090719 | D10: 3.6969471 | E10: 9.0599594
A11: 0.261 | B11: 1790345735695 | C11: -0.12090719 | D11: 3.7298672 | E11: 9.0599594
A12: 0.317 | B12: 1790345735751 | C12: -0.18794484 | D12: 3.5919015 | E12: 9.0291338
A13: 0.396 | B13: 1790345735830 | C13: -0.073023155 | D13: 3.6110551 | E13: 8.9330664
... A2259: 79.935 | B2259: 1790345815369 | C2259: -5.2588644 | D2259: 13.046006 | E2259: 7.9708967

Sheet Angelito 5
A1: Tiempo (s) | B1: Timestamp (ms Unix) | C1: AccX (m/s²) | D1: AccY (m/s²) | E1: AccZ (m/s²)
A2: 0 | B2: 1790976612016 | C2: 0.79098445 | D2: 5.517139 | E2: 7.3819232
A3: 0.042 | B3: 1790976612058 | C3: 0.61800337 | D3: 5.9711394 | E3: 7.7479367
A4: 0.1 | B4: 1790976612116 | C4: 0.90291339 | D4: 6.0360823 | E4: 7.5489187
A5: 0.168 | B5: 1790976612184 | C5: 0.93703079 | D5: 6.2539549 | E5: 6.6780276
A6: 0.234 | B6: 1790976612250 | C6: 0.82599968 | D6: 7.0368586 | E6: 7.144897
A7: 0.235 | B7: 1790976612251 | C7: 0.82599968 | D7: 7.0248876 | E7: 7.144897
A8: 0.301 | B8: 1790976612317 | C8: 0.87208807 | D8: 6.9838872 | E8: 7.6620445
A9: 0.302 | B9: 1790976612318 | C9: 0.87208807 | D9: 6.9838872 | E9: 7.6620445
A10: 0.368 | B10: 1790976612384 | C10: 1.5879544 | D10: 6.7830734 | E10: 6.7280068
A11: 0.369 | B11: 1790976612385 | C11: 1.5879544 | D11: 6.7830734 | E11: 6.7280068
A12: 0.436 | B12: 1790976612452 | C12: 1.9829978 | D12: 6.5170178 | E12: 6.0408707
A13: 0.503 | B13: 1790976612519 | C13: 1.6861167 | D13: 6.897995 | E13: 6.7758908
... A1919: 72.241 | B1919: 1790976684257 | C1919: 0.71407074 | D1919: 3.6179383 | E1919: 8.9501257

Sheet Sentadilla 4
A1: Tiempo (s) | B1: Timestamp (ms Unix) | C1: AccX (m/s²) | D1: AccY (m/s²) | E1: AccZ (m/s²)
A2: 0 | B2: 1790976712537 | C2: 0.78589678 | D2: 5.468956 | E2: 8.0469131
A3: 0.064 | B3: 1790976712601 | C3: 0.75686711 | D3: 5.4450135 | E3: 8.0741463
A4: 0.119 | B4: 1790976712656 | C4: 0.72095406 | D4: 5.4608755 | E4: 8.0588837
A5: 0.2 | B5: 1790976712737 | C5: 0.78290403 | D5: 5.468956 | E5: 7.9679041
A6: 0.229 | B6: 1790976712766 | C6: 0.74998373 | D6: 5.5398841 | E6: 7.8679461
A7: 0.265 | B7: 1790976712802 | C7: 0.85502934 | D7: 5.4279552 | E7: 7.8341279
A8: 0.319 | B8: 1790976712856 | C8: 0.86011702 | D8: 5.4779339 | E8: 7.8170695
A9: 0.4 | B9: 1790976712937 | C9: 0.75507146 | D9: 5.5120516 | E9: 7.8080912
A10: 0.401 | B10: 1790976712938 | C10: 0.72604173 | D10: 5.5120516 | E10: 7.8080912
A11: 0.466 | B11: 1790976713003 | C11: 0.50308168 | D11: 5.4330425 | E11: 8.1241255
A12: 0.467 | B12: 1790976713004 | C12: 0.50308168 | D12: 5.4330425 | E12: 8.1241255
A13: 0.519 | B13: 1790976713056 | C13: 0.5440824 | D13: 5.8209033 | E13: 7.9729919
... A2089: 68.92 | B2089: 1790976781457 | C2089: 2.238878 | D2089: 4.2931032 | E2089: 8.4970226

Sheet Angelito 6
A1: Tiempo (s) | B1: Timestamp (ms Unix) | C1: AccX (m/s²) | D1: AccY (m/s²) | E1: AccZ (m/s²)
A2: 0 | B2: 1790976843348 | C2: -0.66409177 | D2: 6.8548994 | E2: 6.8791409
A3: 0.063 | B3: 1790976843411 | C3: -0.49410343 | D3: 6.7830734 | E3: 6.921937
A4: 0.108 | B4: 1790976843456 | C4: -0.43185419 | D4: 6.9048781 | E4: 6.7540436
A5: 0.131 | B5: 1790976843479 | C5: -0.42706576 | D5: 6.8689651 | E5: 6.8210812
A6: 0.196 | B6: 1790976843544 | C6: -0.58687878 | D6: 6.8240743 | E6: 6.9701204
A7: 0.197 | B7: 1790976843545 | C7: -0.58687878 | D7: 6.8240743 | E7: 6.9701204
A8: 0.263 | B8: 1790976843611 | C8: -0.43394911 | D8: 6.8761477 | E8: 6.9120612
A9: 0.264 | B9: 1790976843612 | C9: -0.36990419 | D9: 6.8761477 | E9: 6.9120612
A10: 0.308 | B10: 1790976843656 | C10: -0.46806648 | D10: 6.8929071 | E10: 6.7899566
A11: 0.331 | B11: 1790976843679 | C11: -0.40611652 | D11: 6.862082 | E11: 6.7878618
A12: 0.398 | B12: 1790976843746 | C12: -0.34985277 | D12: 6.9030828 | E12: 6.7259116
A13: 0.466 | B13: 1790976843814 | C13: -0.34985277 | D13: 6.9120612 | E13: 6.7728982
... A1669: 68.356 | B1669: 1790976911704 | C1669: 0.76195478 | D1669: 5.3028579 | E1669: 8.0540953

Sheet Sentadilla 5
A1: Tiempo (s) | B1: Timestamp (ms Unix) | C1: AccX (m/s²) | D1: AccY (m/s²) | E1: AccZ (m/s²)
A2: 0 | B2: 1790977008678 | C2: -2.3520041 | D2: 7.3720469 | E2: 5.9669499
A3: 0.038 | B3: 1790977008716 | C3: -2.0961237 | D3: 7.3980842 | E3: 5.8798609
A4: 0.062 | B4: 1790977008740 | C4: -1.9069818 | D4: 7.3959889 | E4: 5.8759699
A5: 0.128 | B5: 1790977008806 | C5: -2.164957 | D5: 7.5318599 | E5: 6.0288997
A6: 0.129 | B6: 1790977008807 | C6: -2.164957 | D6: 7.5318599 | E6: 6.0288997
A7: 0.178 | B7: 1790977008856 | C7: -2.0979195 | D7: 7.4459682 | E7: 5.9041018
A8: 0.18 | B8: 1790977008858 | C8: -2.0979195 | D8: 7.4459682 | E8: 5.9041018
A9: 0.195 | B9: 1790977008873 | C9: -2.1149781 | D9: 7.4510555 | E9: 5.8490353
A10: 0.262 | B10: 1790977008940 | C10: -2.1799209 | D10: 7.4151425 | E10: 5.8179107
A11: 0.329 | B11: 1790977009007 | C11: -1.7989435 | D11: 7.522882 | E11: 5.7200475
A12: 0.378 | B12: 1790977009056 | C12: -1.1959039 | D12: 7.4319019 | E12: 5.1259861
A13: 0.396 | B13: 1790977009074 | C13: -1.5119386 | D13: 7.6518693 | E13: 4.5370126
... A1772: 67.379 | B1772: 1790977076057 | C1772: -0.17298108 | D1772: 4.4421425 | E1772: 8.8489704

Sheet Angelito 7
A1: Tiempo (s) | B1: Timestamp (ms Unix) | C1: AccX (m/s²) | D1: AccY (m/s²) | E1: AccZ (m/s²)
A2: 0 | B2: 1790977171807 | C2: -1.8881274 | D2: 6.8258696 | E2: 6.4329214
A3: 0.001 | B3: 1790977171808 | C3: -1.8728645 | D3: 6.8258696 | E3: 6.4329214
A4: 0.056 | B4: 1790977171863 | C4: -2.1128831 | D4: 6.7399778 | E4: 6.5891428
A5: 0.057 | B5: 1790977171864 | C5: -2.0099325 | D5: 6.7399778 | E5: 6.5891428
A6: 0.085 | B6: 1790977171892 | C6: -1.9399021 | D6: 6.8210812 | E6: 6.7088532
A7: 0.135 | B7: 1790977171942 | C7: -2.0581157 | D7: 6.8429284 | E7: 6.8168917
A8: 0.196 | B8: 1790977172003 | C8: -2.0979195 | D8: 6.9201412 | E8: 6.7139406
A9: 0.197 | B9: 1790977172004 | C9: -2.0979195 | D9: 6.9201412 | E9: 6.7139406
A10: 0.249 | B10: 1790977172056 | C10: -1.6391305 | D10: 6.9030828 | E10: 6.4068842
A11: 0.25 | B11: 1790977172057 | C11: -1.6391305 | D11: 6.9030828 | E11: 6.4068842
A12: 0.263 | B12: 1790977172070 | C12: -2.2281041 | D12: 6.9599452 | E12: 6.639122
A13: 0.329 | B13: 1790977172136 | C13: -2.3400331 | D13: 6.9150538 | E13: 6.6660566
... A1691: 69.279 | B1691: 1790977241086 | C1691: -2.0979195 | D1691: 6.4098773 | E1691: 6.9428864

Sheet Sentadilla 6
A1: Tiempo (s) | B1: Timestamp (ms Unix) | C1: AccX (m/s²) | D1: AccY (m/s²) | E1: AccZ (m/s²)
A2: 0 | B2: 1790977260518 | C2: -2.2610245 | D2: 7.0299754 | E2: 6.1390328
A3: 0.078 | B3: 1790977260596 | C3: -2.20087 | D3: 7.108984 | E3: 6.1489091
A4: 0.126 | B4: 1790977260644 | C4: -2.4169469 | D4: 7.1419044 | E4: 6.423943
A5: 0.138 | B5: 1790977260656 | C5: -2.2511485 | D5: 7.125145 | E5: 6.3811469
A6: 0.182 | B6: 1790977260700 | C6: -2.2319949 | D6: 7.1110792 | E6: 6.2398887
A7: 0.26 | B7: 1790977260778 | C7: -2.3110034 | D7: 7.0581074 | E7: 6.2641301
A8: 0.327 | B8: 1790977260845 | C8: -2.437896 | D8: 7.0560122 | E8: 6.2440786
A9: 0.337 | B9: 1790977260855 | C9: -2.4310129 | D9: 6.9958582 | E9: 6.3521171
A10: 0.338 | B10: 1790977260856 | C10: -2.4310129 | D10: 6.9958582 | E10: 6.3521171
A11: 0.395 | B11: 1790977260913 | C11: -2.4908679 | D11: 7.0560122 | E11: 6.3401461
A12: 0.461 | B12: 1790977260979 | C12: -2.5219924 | D12: 7.0581074 | E12: 6.459856
A13: 0.528 | B13: 1790977261046 | C13: -2.1721396 | D13: 6.9671278 | E13: 6.2180419
... A1822: 72.352 | B1822: 1790977332870 | C1822: -0.72903448 | D1822: 7.0539174 | E1822: 6.4858932

Sheet Sentadilla 7
A1: Tiempo (s) | B1: Timestamp (ms Unix) | C1: AccX (m/s²) | D1: AccY (m/s²) | E1: AccZ (m/s²)
A2: 0 | B2: 1790977418881 | C2: -1.5161284 | D2: 6.658874 | E2: 7.1179624
A3: 0.084 | B3: 1790977418965 | C3: -1.2410945 | D3: 6.5990191 | E3: 7.0299754
A4: 0.135 | B4: 1790977419016 | C4: -1.3611038 | D4: 6.5460472 | E4: 7.1589632
A5: 0.175 | B5: 1790977419056 | C5: -1.4691422 | D5: 6.535872 | E5: 7.2520375
A6: 0.201 | B6: 1790977419082 | C6: -1.4709378 | D6: 6.3569055 | E6: 7.0799546
A7: 0.212 | B7: 1790977419093 | C7: -1.3111248 | D7: 6.3811469 | E7: 7.0748668
A8: 0.213 | B8: 1790977419094 | C8: -1.3111248 | D8: 6.3811469 | E8: 7.0748668
A9: 0.269 | B9: 1790977419150 | C9: -1.1881227 | D9: 6.3619933 | E9: 7.073071
A10: 0.336 | B10: 1790977419217 | C10: -1.5759834 | D10: 6.5131269 | E10: 7.0150118
A11: 0.376 | B11: 1790977419257 | C11: -0.6470331 | D11: 6.1578875 | E11: 5.8678899
A12: 0.402 | B12: 1790977419283 | C12: 1.0609307 | D12: 6.0651121 | E12: 4.5040922
A13: 0.47 | B13: 1790977419351 | C13: 1.8800471 | D13: 5.9756246 | E13: 4.0959628
... A1845: 64.059 | B1845: 1790977482940 | C1845: -1.6789341 | D1845: 4.5729256 | E1845: 8.749012

Sheet Sentadilla 8
A1: Tiempo (s) | B1: Timestamp (ms Unix) | C1: AccX (m/s²) | D1: AccY (m/s²) | E1: AccZ (m/s²)
A2: 0 | B2: 1790977497137 | C2: -0.47704473 | D2: 6.5289888 | E2: 7.1640506
A3: 0.06 | B3: 1790977497197 | C3: -0.48901576 | D3: 6.5409598 | E3: 7.0871372
A4: 0.061 | B4: 1790977497198 | C4: -0.4869208 | D4: 6.5409598 | E4: 7.0871372
A5: 0.12 | B5: 1790977497257 | C5: -0.37888247 | D5: 6.6199684 | E5: 6.9548573
A6: 0.121 | B6: 1790977497258 | C6: -0.37888247 | D6: 6.6199684 | E6: 6.9548573
A7: 0.147 | B7: 1790977497284 | C7: 0.19003978 | D7: 6.5439525 | E7: 6.1940999
A8: 0.194 | B8: 1790977497331 | C8: 0.50308168 | D8: 6.7088532 | E8: 6.3640881
A9: 0.261 | B9: 1790977497398 | C9: -0.10085575 | D9: 6.7711024 | E9: 6.3470292
A10: 0.321 | B10: 1790977497458 | C10: 3.2519248 | D10: 6.3778548 | E10: 2.9670148
A11: 0.395 | B11: 1790977497532 | C11: 2.1290441 | D11: 6.3500218 | E11: 2.2439659
A12: 0.462 | B12: 1790977497599 | C12: -0.39594114 | D12: 9.552866 | E12: 2.8969843
A13: 0.523 | B13: 1790977497660 | C13: -1.8471268 | D13: 13.333909 | E13: 2.1260514
... A2082: 82.618 | B2082: 1790977579755 | C2082: -0.91488439 | D2082: 4.4149084 | E2082: 8.7220774

Sheet Nazi 1
A1: Tiempo (s) | B1: Timestamp (ms Unix) | C1: AccX (m/s²) | D1: AccY (m/s²) | E1: AccZ (m/s²)
A2: 0 | B2: 1791049099447 | C2: -1.3111248 | D2: 9.38587 | E2: 2.5860374
A3: 0.015 | B3: 1791049099462 | C3: -1.2701241 | D3: 9.3068619 | E3: 2.6168628
A4: 0.061 | B4: 1791049099508 | C4: -1.3509284 | D4: 9.3209276 | E4: 2.6428998
A5: 0.128 | B5: 1791049099575 | C5: -1.1070191 | D5: 9.2871094 | E5: 2.5429418
A6: 0.196 | B6: 1791049099643 | C6: -1.557129 | D6: 9.3640232 | E6: 2.7629089
A7: 0.215 | B7: 1791049099662 | C7: -1.2078749 | D7: 9.3571396 | E7: 2.5881324
A8: 0.262 | B8: 1791049099709 | C8: -1.2479777 | D8: 9.3349934 | E8: 2.5480294
A9: 0.329 | B9: 1791049099776 | C9: -0.94900179 | D9: 9.3209276 | E9: 2.4950576
A10: 0.352 | B10: 1791049099799 | C10: -0.79098445 | D10: 9.2508974 | E10: 2.4591446
A11: 0.353 | B11: 1791049099800 | C11: -0.79098445 | D11: 9.2508974 | E11: 2.4591446
A12: 0.399 | B12: 1791049099846 | C12: -0.56592947 | D12: 9.2039108 | E12: 2.3750484
A13: 0.415 | B13: 1791049099862 | C13: -0.52014035 | D13: 9.1440554 | E13: 2.1978774
... A1844: 64.928 | B1844: 1791049164375 | C1844: -1.4760255 | D1844: 3.113061 | E1844: 9.1629105

Sheet Nazi 2
A1: Tiempo (s) | B1: Timestamp (ms Unix) | C1: AccX (m/s²) | D1: AccY (m/s²) | E1: AccZ (m/s²)
A2: 0 | B2: 1791049175261 | C2: -1.8920181 | D2: 7.7718787 | E2: 5.5090585
A3: 0.018 | B3: 1791049175279 | C3: -1.9330188 | D3: 7.8030033 | E3: 5.492898
A4: 0.087 | B4: 1791049175348 | C4: -1.8659811 | D4: 7.8098869 | E4: 5.5279131
A5: 0.154 | B5: 1791049175415 | C5: -2.0530281 | D5: 7.7889376 | E5: 5.5449715
A6: 0.155 | B6: 1791049175416 | C6: -2.0530281 | D6: 7.758112 | E6: 5.5449715
A7: 0.196 | B7: 1791049175457 | C7: -1.8710688 | D7: 7.8269453 | E7: 5.4180789
A8: 0.219 | B8: 1791049175480 | C8: -2.0838535 | D8: 7.8508873 | E8: 5.4638681
A9: 0.286 | B9: 1791049175547 | C9: -2.0688899 | D9: 7.8080912 | E9: 5.4108963
A10: 0.353 | B10: 1791049175614 | C10: -1.7869725 | D10: 8.052 | E10: 5.2169662
A11: 0.354 | B11: 1791049175615 | C11: -2.0141225 | D11: 8.052 | E11: 5.2169662
A12: 0.396 | B12: 1791049175657 | C12: -0.68803376 | D12: 7.3549881 | E12: 4.3909664
A13: 0.42 | B13: 1791049175681 | C13: 0.30496147 | D13: 7.2564839 | E13: 3.615245
... A1961: 65.796 | B1961: 1791049241057 | C1961: -1.1309612 | D1961: 5.4590797 | E1961: 8.1669216

Sheet Nazi 3
A1: Tiempo (s) | B1: Timestamp (ms Unix) | C1: AccX (m/s²) | D1: AccY (m/s²) | E1: AccZ (m/s²)
A2: 0 | B2: 1791049253518 | C2: -2.6198554 | D2: 8.7080116 | E2: 3.5598791
A3: 0.066 | B3: 1791049253584 | C3: -2.612972 | D3: 8.7439251 | E3: 3.5649667
A4: 0.133 | B4: 1791049253651 | C4: -2.7590184 | D4: 8.7684945 | E4: 3.6347231
A5: 0.137 | B5: 1791049253655 | C5: -2.6882698 | D5: 8.7699614 | E5: 3.6388876
A6: 0.143 | B6: 1791049253661 | C6: -2.5821469 | D6: 8.7421293 | E6: 3.5580833
A7: 0.199 | B7: 1791049253717 | C7: -2.662951 | D7: 8.7699614 | E7: 3.5919015
A8: 0.264 | B8: 1791049253782 | C8: -2.5198975 | D8: 8.6529455 | E8: 3.6200333
A9: 0.285 | B9: 1791049253803 | C9: -2.5821469 | D9: 8.6700039 | E9: 3.4979291
A10: 0.332 | B10: 1791049253850 | C10: -2.4669259 | D10: 8.5640602 | E10: 3.4961333
A11: 0.344 | B11: 1791049253862 | C11: -2.2298999 | D11: 8.4419556 | E11: 3.3740292
A12: 0.398 | B12: 1791049253916 | C12: -1.7750014 | D12: 8.3369102 | E12: 3.1818943
A13: 0.399 | B13: 1791049253917 | C13: -1.0019735 | D13: 8.3369102 | E13: 3.1818943
... A1985: 68.272 | B1985: 1791049321790 | C1985: -2.2439659 | D1985: 8.3970652 | E1985: 4.4921212

Sheet Nazi 4
A1: Tiempo (s) | B1: Timestamp (ms Unix) | C1: AccX (m/s²) | D1: AccY (m/s²) | E1: AccZ (m/s²)
A2: 0 | B2: 1791049336585 | C2: -3.0101104 | D2: 8.3129683 | E2: 4.6279922
A3: 0.024 | B3: 1791049336609 | C3: -3.0939074 | D3: 8.5978785 | E3: 4.6710877
A4: 0.068 | B4: 1791049336653 | C4: -3.1729162 | D4: 8.5000153 | E4: 4.5878897
A5: 0.069 | B5: 1791049336654 | C5: -3.2429466 | D5: 8.5000153 | E5: 4.5878897
A6: 0.134 | B6: 1791049336719 | C6: -3.2638958 | D6: 8.0708551 | E6: 4.5229468
A7: 0.135 | B7: 1791049336720 | C7: -3.2911298 | D7: 8.0708551 | E7: 4.5229468
A8: 0.201 | B8: 1791049336786 | C8: -3.3219552 | D8: 8.187871 | E8: 4.0898952
A9: 0.267 | B9: 1791049336852 | C9: -3.2210994 | D9: 8.052 | E9: 4.1659112
A10: 0.268 | B10: 1791049336853 | C10: -3.2210994 | D10: 8.052 | E10: 4.1659112
A11: 0.335 | B11: 1791049336920 | C11: -2.9170358 | D11: 8.7029238 | E11: 3.5149877
A12: 0.401 | B12: 1791049336986 | C12: -2.9888618 | D12: 8.5978785 | E12: 3.3689413
A13: 0.402 | B13: 1791049336987 | C13: -2.9888618 | D13: 8.5978785 | E13: 3.3689413
... A2010: 68.271 | B2010: 1791049404856 | C2010: -2.6488853 | D2010: 7.3100972 | E2010: 5.6820397

Sheet Nazi 5
A1: Tiempo (s) | B1: Timestamp (ms Unix) | C1: AccX (m/s²) | D1: AccY (m/s²) | E1: AccZ (m/s²)
A2: 0 | B2: 1791049422479 | C2: -1.3150154 | D2: 8.3940716 | E2: 4.5759187
A3: 0.061 | B3: 1791049422540 | C3: -1.3628994 | D3: 8.374918 | E3: 4.6399632
A4: 0.121 | B4: 1791049422600 | C4: -1.4709378 | D4: 8.4760733 | E4: 4.7001176
A5: 0.122 | B5: 1791049422601 | C5: -1.3850458 | D5: 8.4760733 | E5: 4.7001176
A6: 0.184 | B6: 1791049422663 | C6: -1.607108 | D6: 8.5880022 | E6: 5.1840458
A7: 0.195 | B7: 1791049422674 | C7: -1.4179661 | D7: 8.490139 | E7: 4.393959
A8: 0.261 | B8: 1791049422740 | C8: -0.89902282 | D8: 8.2911215 | E8: 4.1398745
A9: 0.262 | B9: 1791049422741 | C9: -0.54707515 | D9: 8.2911215 | E9: 4.1398745
A10: 0.328 | B10: 1791049422807 | C10: 0.082001418 | D10: 8.1049719 | E10: 3.4769797
A11: 0.329 | B11: 1791049422808 | C11: 0.24690208 | D11: 8.1049719 | E11: 3.4769797
A12: 0.386 | B12: 1791049422865 | C12: 0.31214407 | D12: 8.3970652 | E12: 3.1271269
A13: 0.387 | B13: 1791049422866 | C13: 0.070030406 | D13: 8.3970652 | E13: 3.1271269
... A1902: 67.476 | B1902: 1791049489955 | C1902: -2.7018569 | D1902: 8.4278898 | E1902: 4.2449203

Sheet Nazi 6
A1: Tiempo (s) | B1: Timestamp (ms Unix) | C1: AccX (m/s²) | D1: AccY (m/s²) | E1: AccZ (m/s²)
A2: 0 | B2: 1791049516060 | C2: -2.8978822 | D2: 8.1980467 | E2: 4.5438962
A3: 0.066 | B3: 1791049516126 | C3: -2.7231054 | D3: 8.1669216 | E3: 4.5831013
A4: 0.133 | B4: 1791049516193 | C4: -2.8449104 | D4: 8.2549086 | E4: 4.4529161
A5: 0.134 | B5: 1791049516194 | C5: -2.7688944 | D5: 8.2549086 | E5: 4.4529161
A6: 0.145 | B6: 1791049516205 | C6: -2.8598742 | D6: 8.2198935 | E6: 4.4891286
A7: 0.197 | B7: 1791049516257 | C7: -2.8069024 | D7: 8.2480259 | E7: 4.481946
A8: 0.266 | B8: 1791049516326 | C8: -2.7159228 | D8: 8.262989 | E8: 4.4370546
A9: 0.267 | B9: 1791049516327 | C9: -2.8999772 | D9: 8.262989 | E9: 4.4370546
A10: 0.335 | B10: 1791049516395 | C10: -2.4310129 | D10: 8.0879135 | E10: 4.2401319
A11: 0.396 | B11: 1791049516456 | C11: -1.5328878 | D11: 7.559094 | E11: 3.7140057
A12: 0.397 | B12: 1791049516457 | C12: -1.5328878 | D12: 7.559094 | E12: 3.7140057
A13: 0.401 | B13: 1791049516461 | C13: -0.39594114 | D13: 8.1259212 | E13: 2.700959
... A1911: 65.596 | B1911: 1791049581656 | C1911: -1.9548659 | D1911: 8.3150635 | E1911: 4.7339358

Sheet Nazi 7
A1: Tiempo (s) | B1: Timestamp (ms Unix) | C1: AccX (m/s²) | D1: AccY (m/s²) | E1: AccZ (m/s²)
A2: 0 | B2: 1791049609637 | C2: -2.1341317 | D2: 8.1088629 | E2: 4.896143
A3: 0.026 | B3: 1791049609663 | C3: -2.1098905 | D3: 8.0930014 | E3: 4.9949036
A4: 0.027 | B4: 1791049609664 | C4: -2.1461027 | D4: 8.0930014 | E4: 4.9949036
A5: 0.067 | B5: 1791049609704 | C5: -2.2200236 | D5: 8.1528559 | E5: 4.9628816
A6: 0.068 | B6: 1791049609705 | C6: -2.1341317 | D6: 8.1528559 | E6: 4.9628816
A7: 0.135 | B7: 1791049609772 | C7: -2.1248543 | D7: 8.1549511 | E7: 4.920085
A8: 0.17 | B8: 1791049609807 | C8: -2.1170731 | D8: 8.1450748 | E8: 4.8009734
A9: 0.202 | B9: 1791049609839 | C9: -2.2709005 | D9: 8.1809883 | E9: 4.9969988
A10: 0.224 | B10: 1791049609861 | C10: -2.1490955 | D10: 8.1408854 | E10: 4.9990935
A11: 0.225 | B11: 1791049609862 | C11: -2.1490955 | D11: 8.1408854 | E11: 4.9990935
A12: 0.268 | B12: 1791049609905 | C12: -1.7561471 | D12: 8.0660667 | E12: 4.7668562
A13: 0.335 | B13: 1791049609972 | C13: -1.1929111 | D13: 7.8598657 | E13: 4.4199963
... A1775: 63.819 | B1775: 1791049673456 | C1775: -2.5821469 | D1775: 8.3629475 | E1775: 4.6309853

Sheet Nazi 8
A1: Tiempo (s) | B1: Timestamp (ms Unix) | C1: AccX (m/s²) | D1: AccY (m/s²) | E1: AccZ (m/s²)
A2: 0 | B2: 1791049689410 | C2: -2.375946 | D2: 8.7460194 | E2: 3.5081043
A3: 0.021 | B3: 1791049689431 | C3: -2.4549549 | D3: 8.7178879 | E3: 3.5440173
A4: 0.055 | B4: 1791049689465 | C4: -2.4929628 | D4: 8.8181448 | E4: 3.5751421
A5: 0.089 | B5: 1791049689499 | C5: -2.5360584 | D5: 8.7391367 | E5: 3.5700543
A6: 0.158 | B6: 1791049689568 | C6: -1.9859905 | D6: 8.6191273 | E6: 3.3809123
A7: 0.159 | B7: 1791049689569 | C7: -1.989881 | D7: 8.6191273 | E7: 3.3809123
A8: 0.224 | B8: 1791049689634 | C8: -1.6579849 | D8: 8.323144 | E8: 3.0361474
A9: 0.252 | B9: 1791049689662 | C9: -1.5550342 | D9: 9.0339222 | E9: 1.8249804
A10: 0.29 | B10: 1791049689700 | C10: -1.1121068 | D10: 9.1629105 | E10: 1.384148
A11: 0.357 | B11: 1791049689767 | C11: 0.35494044 | D11: 9.0120754 | E11: 0.45789111
A12: 0.358 | B12: 1791049689768 | C12: 0.35494044 | D12: 9.0120754 | E12: 0.45789111
A13: 0.397 | B13: 1791049689807 | C13: -1.3940241 | D13: 9.8961344 | E13: 1.206977
... A1793: 63.881 | B1793: 1791049753291 | C1793: -2.2541411 | D1793: 8.8609409 | E1793: 3.9668934

Sheet Nazi 9
A1: Tiempo (s) | B1: Timestamp (ms Unix) | C1: AccX (m/s²) | D1: AccY (m/s²) | E1: AccZ (m/s²)
A2: 0 | B2: 1791049783554 | C2: -1.358111 | D2: 8.3539686 | E2: 4.4870338
A3: 0.067 | B3: 1791049783621 | C3: -1.4691422 | D3: 8.4709854 | E3: 4.40593
A4: 0.103 | B4: 1791049783657 | C4: -1.2889785 | D4: 8.5691481 | E4: 4.0228577
A5: 0.135 | B5: 1791049783689 | C5: -0.8460511 | D5: 8.2749605 | E5: 3.8429933
A6: 0.2 | B6: 1791049783754 | C6: 0.14395139 | D6: 8.1310091 | E6: 3.9220021
A7: 0.201 | B7: 1791049783755 | C7: 0.33099842 | D7: 8.1310091 | E7: 3.9220021
A8: 0.256 | B8: 1791049783810 | C8: -1.9710268 | D8: 9.6561155 | E8: 2.3678658
A9: 0.257 | B9: 1791049783811 | C9: -2.4408889 | D9: 9.6561155 | E9: 2.3678658
A10: 0.264 | B10: 1791049783818 | C10: -0.57999539 | D10: 8.1289139 | E10: 2.7491424
A11: 0.302 | B11: 1791049783856 | C11: 0.1268927 | D11: 8.4090357 | E11: 2.264915
A12: 0.332 | B12: 1791049783886 | C12: -0.10893619 | D12: 9.1718884 | E12: 1.8989015
A13: 0.4 | B13: 1791049783954 | C13: -2.1341317 | D13: 9.7138758 | E13: 1.8749593
... A1820: 65.664 | B1820: 1791049849218 | C1820: -1.6720508 | D1820: 6.9820914 | E1820: 6.3500218

Sheet Nazi 10
A1: Tiempo (s) | B1: Timestamp (ms Unix) | C1: AccX (m/s²) | D1: AccY (m/s²) | E1: AccZ (m/s²)
A2: 0 | B2: 1791049871376 | C2: -1.1549032 | D2: 7.6261315 | E2: 5.8349695
A3: 0.031 | B3: 1791049871407 | C3: -1.0711061 | D3: 7.6069779 | E3: 5.7559609
A4: 0.068 | B4: 1791049871444 | C4: -1.2120647 | D4: 7.6620445 | E4: 5.7918739
A5: 0.069 | B5: 1791049871445 | C5: -1.2120647 | D5: 7.6620445 | E5: 5.7918739
A6: 0.136 | B6: 1791049871512 | C6: -1.2120647 | D6: 7.7219 | E6: 5.7819977
A7: 0.201 | B7: 1791049871577 | C7: -1.3611038 | D7: 7.8218579 | E7: 5.8541231
A8: 0.202 | B8: 1791049871578 | C8: -1.4640545 | D8: 7.8218579 | E8: 5.8541231
A9: 0.203 | B9: 1791049871579 | C9: -1.4640545 | D9: 7.8218579 | E9: 5.8541231
A10: 0.272 | B10: 1791049871648 | C10: -1.2578539 | D10: 7.6641397 | E10: 5.6188927
A11: 0.335 | B11: 1791049871711 | C11: -1.0160395 | D11: 7.6641397 | E11: 4.8509526
A12: 0.402 | B12: 1791049871778 | C12: 0.19692311 | D12: 7.1538754 | E12: 4.1231151
A13: 0.403 | B13: 1791049871779 | C13: 0.32112235 | D13: 7.1538754 | E13: 4.1231151
... A1938: 68.215 | B1938: 1791049939591 | C1938: -0.89213949 | D1938: 6.8761477 | E1938: 6.5340762
